1.4051105268219656E-004, -3.9030612244897962E+000
1.4292098867040807E-004, -3.9030612244897962E+000
1.4537225800113188E-004, -3.9030612244897962E+000
1.4786556959162222E-004, -3.9030612244897962E+000
1.5040164451792868E-004, -3.9030612244897962E+000
1.5298121622343535E-004, -3.9030612244897962E+000
1.5560503073097523E-004, -3.9030612244897962E+000
1.5827384685858262E-004, -3.9030612244897962E+000
1.6098843643894738E-004, -3.9030612244897962E+000
1.6374958454263178E-004, -3.9030612244897962E+000
1.6655808970511551E-004, -6.5051020408163263E+000
1.6941476415773655E-004, -7.8061224489795924E+000
1.7232043406259132E-004, -8.0229591836734695E+000
1.7527593975146362E-004, -8.2397959183673475E+000
1.7828213596885338E-004, -8.2397959183673475E+000
1.8133989211917078E-004, -8.2397959183673475E+000
1.8445009251817296E-004, -8.2397959183673475E+000
1.8761363664871104E-004, -8.2397959183673475E+000
1.9083143942086466E-004, -8.2397959183673475E+000
1.9410443143653703E-004, -8.2397959183673475E+000
1.9743355925859015E-004, -8.2397959183673475E+000
2.0081978568459326E-004, -8.2397959183673475E+000
2.0426409002526912E-004, -8.2397959183673475E+000
2.0776746838771409E-004, -8.2397959183673475E+000
2.1133093396347676E-004, -9.3239795918367339E+000
2.1495551732157627E-004, -9.9744897959183678E+000
2.1864226670654876E-004, -9.9744897959183678E+000
2.2239224834160211E-004, -1.0191326530612244E+001
2.2620654673697387E-004, -1.0191326530612244E+001
2.3008626500357511E-004, -1.0191326530612244E+001
2.3403252517201507E-004, -1.0191326530612244E+001
2.3804646851709627E-004, -1.0191326530612244E+001
2.4212925588787748E-004, -1.0191326530612244E+001
2.4628206804339417E-004, -1.0191326530612244E+001
2.5050610599414061E-004, -1.0191326530612244E+001
2.5480259134940644E-004, -1.0191326530612244E+001
2.5917276667057030E-004, -1.0191326530612244E+001
2.6361789583045518E-004, -1.0191326530612244E+001
2.6813926437884513E-004, -1.0191326530612244E+001
2.7273817991427062E-004, -1.0191326530612244E+001
2.7741597246217306E-004, -1.0191326530612244E+001
2.8217399485955274E-004, -1.0191326530612244E+001
2.8701362314621532E-004, -1.0191326530612244E+001
2.9193625696272705E-004, -1.0191326530612244E+001
2.9694331995519882E-004, -1.0191326530612244E+001
3.0203626018700816E-004, -1.1492346938775512E+001
3.0721655055758712E-004, -1.2142857142857142E+001
3.1248568922838963E-004, -1.2359693877551020E+001
3.1784520005616692E-004, -1.2359693877551020E+001
3.2329663303367175E-004, -1.2359693877551020E+001
3.2884156473792501E-004, -1.2359693877551020E+001
3.3448159878616553E-004, -1.2359693877551020E+001
3.4021836629962566E-004, -1.2359693877551020E+001
3.4605352637525672E-004, -1.4528061224489795E+001
3.5198876656554608E-004, -1.7346938775510203E+001
3.5802580336656613E-004, -1.8647959183673468E+001
3.6416638271439140E-004, -1.9081632653061224E+001
3.7041228049002891E-004, -1.9081632653061224E+001
3.7676530303301300E-004, -1.9298469387755102E+001
3.8322728766380443E-004, -1.9298469387755102E+001
3.8980010321515191E-004, -2.0816326530612244E+001
3.9648565057256476E-004, -2.2767857142857142E+001
4.0328586322405964E-004, -2.3418367346938773E+001
4.1020270781933009E-004, -2.3635204081632654E+001
4.1723818473851247E-004, -2.3635204081632654E+001
4.2439432867070331E-004, -2.3635204081632654E+001
4.3167320920239823E-004, -2.3635204081632654E+001
4.3907693141602753E-004, -1.7997448979591837E+001
4.4660763649875373E-004, -1.7346938775510203E+001
4.5426750236171023E-004, -1.7130102040816325E+001
4.6205874426986481E-004, -1.7130102040816325E+001
4.6998361548268190E-004, -1.7130102040816325E+001
4.7804440790577546E-004, -1.7563775510204081E+001
4.8624345275373590E-004, -1.9515306122448980E+001
4.9458312122432826E-004, -1.9948979591836736E+001
5.0306582518425320E-004, -2.0165816326530614E+001
5.1169401786666749E-004, -2.0165816326530614E+001
5.2047019458067024E-004, -2.0165816326530614E+001
5.2939689343295437E-004, -2.2551020408163268E+001
5.3847669606184117E-004, -2.3852040816326529E+001
5.4771222838389860E-004, -2.4285714285714285E+001
5.5710616135336624E-004, -2.4502551020408166E+001
5.6666121173460900E-004, -2.4719387755102041E+001
5.7638014288781566E-004, -2.5803571428571427E+001
5.8626576556817188E-004, -2.6237244897959183E+001
5.9632093873874571E-004, -2.6237244897959183E+001
6.0654857039731027E-004, -2.6237244897959183E+001
6.1695161841734643E-004, -2.6670918367346939E+001
6.2753309140347615E-004, -2.7104591836734695E+001
6.3829604956156048E-004, -2.7104591836734695E+001
6.4924360558372561E-004, -2.7104591836734695E+001
6.6037892554856399E-004, -2.7538265306122447E+001
6.7170522983677871E-004, -2.7755102040816325E+001
6.8322579406253272E-004, -2.7755102040816325E+001
6.9494395002076719E-004, -2.7755102040816325E+001
7.0686308665077278E-004, -2.8188775510204081E+001
7.1898665101628137E-004, -2.8405612244897959E+001
7.3131814930237570E-004, -2.8405612244897959E+001
7.4386114782949047E-004, -2.8405612244897959E+001
7.5661927408480502E-004, -2.8405612244897959E+001
7.6959621777133167E-004, -2.8405612244897959E+001
7.8279573187499136E-004, -2.8405612244897959E+001
7.9622163374998983E-004, -2.8622448979591834E+001
8.0987780622281851E-004, -2.8839285714285715E+001
8.2376819871517691E-004, -2.8839285714285715E+001
8.3789682838616801E-004, -2.9056122448979590E+001
8.5226778129407379E-004, -2.9923469387755102E+001
8.6688521357806199E-004, -3.0140306122448976E+001
8.8175335266015497E-004, -3.0573979591836732E+001
8.9687649846782454E-004, -3.1224489795918370E+001
9.1225902467754105E-004, -3.1441326530612244E+001
9.2790537997966527E-004, -3.1875000000000000E+001
9.4382008936502466E-004, -3.3176020408163268E+001
9.6000775543356100E-004, -3.3609693877551024E+001
9.7647305972541792E-004, -3.3609693877551024E+001
9.9322076407486713E-004, -3.3609693877551024E+001
1.0102557119874478E-003, -3.3609693877551024E+001
1.0275828300407260E-003, -3.3609693877551024E+001
1.0452071293090863E-003, -3.3609693877551024E+001
1.0631337068129536E-003, -3.3826530612244895E+001
1.0813677469928679E-003, -3.4693877551020407E+001
1.0999145232088552E-003, -3.4693877551020407E+001
1.1187793992654942E-003, -3.4910714285714285E+001
1.1379678309631611E-003, -3.4910714285714285E+001
1.1574853676758626E-003, -3.4910714285714285E+001
1.1773376539561426E-003, -3.4910714285714285E+001
1.1975304311675049E-003, -3.4693877551020407E+001
1.2180695391448427E-003, -3.4693877551020407E+001
1.2389609178833447E-003, -3.4693877551020407E+001
1.2602106092563633E-003, -3.4693877551020407E+001
1.2818247587627507E-003, -3.4693877551020407E+001
1.3038096173041637E-003, -3.4693877551020407E+001
1.3261715429928444E-003, -3.4693877551020407E+001
1.3489170029904237E-003, -3.4693877551020407E+001
1.3720525753782387E-003, -3.4693877551020407E+001
1.3955849510597516E-003, -3.4693877551020407E+001
1.4195209356955812E-003, -3.4693877551020407E+001
1.4438674516717308E-003, -3.4693877551020407E+001
1.4686315401015646E-003, -3.4910714285714285E+001
1.4938203628621382E-003, -3.4910714285714285E+001
1.5194412046654307E-003, -3.4910714285714285E+001
1.5455014751651240E-003, -3.4910714285714285E+001
1.5720087110994991E-003, -3.4910714285714285E+001
1.5989705784710967E-003, -3.5344387755102041E+001
1.6263948747637495E-003, -3.5344387755102041E+001
1.6542895311976525E-003, -3.5561224489795919E+001
1.6826626150231068E-003, -3.5561224489795919E+001
1.7115223318535969E-003, -3.5778061224489797E+001
1.7408770280388907E-003, -3.5778061224489797E+001
1.7707351930788390E-003, -3.5994897959183675E+001
1.8011054620785695E-003, -3.5994897959183675E+001
1.8319966182457985E-003, -3.5994897959183675E+001
1.8634175954309745E-003, -3.6211734693877553E+001
1.8953774807109790E-003, -3.6211734693877553E+001
1.9278855170171494E-003, -3.6211734693877553E+001
1.9609511058083745E-003, -3.6211734693877553E+001
1.9945838097900274E-003, -3.6211734693877553E+001
2.0287933556795545E-003, -3.6211734693877553E+001
2.0635896370194639E-003, -3.6211734693877553E+001
2.0989827170385966E-003, -3.6211734693877553E+001
2.1349828315624431E-003, -3.6211734693877553E+001
2.1716003919733922E-003, -3.6211734693877553E+001
2.2088459882217363E-003, -3.6211734693877553E+001
2.2467303918883457E-003, -3.6428571428571423E+001
2.2852645592998343E-003, -3.6428571428571423E+001
2.3244596346971937E-003, -3.6428571428571423E+001
2.3643269534587437E-003, -3.7079081632653065E+001
2.4048780453783665E-003, -3.7295918367346935E+001
2.4461246379999836E-003, -3.7512755102040821E+001
2.4880786600092021E-003, -3.7729591836734691E+001
2.5307522446831360E-003, -3.7729591836734691E+001
2.5741577333994107E-003, -3.7729591836734691E+001
2.6183076792053368E-003, -3.7729591836734691E+001
2.6632148504482935E-003, -3.7512755102040821E+001
2.7088922344684070E-003, -3.7512755102040821E+001
2.7553530413545213E-003, -3.7512755102040821E+001
2.8026107077646287E-003, -3.7512755102040821E+001
2.8506789008117990E-003, -3.7512755102040821E+001
2.8995715220167645E-003, -3.7946428571428577E+001
2.9493027113283031E-003, -3.7946428571428577E+001
2.9998868512125594E-003, -3.8163265306122447E+001
3.0513385708125199E-003, -3.8380102040816325E+001
3.1036727501788292E-003, -3.8596938775510203E+001
3.1569045245731508E-003, -3.9030612244897959E+001
3.2110492888453540E-003, -3.9247448979591837E+001
3.2661227018857672E-003, -3.9464285714285715E+001
3.3221406911537882E-003, -3.9897959183673471E+001
3.3791194572841757E-003, -4.0114795918367349E+001
3.4370754787723464E-003, -4.0765306122448976E+001
3.4960255167400169E-003, -4.0765306122448976E+001
3.5559866197825895E-003, -4.1415816326530610E+001
3.6169761288996826E-003, -4.1415816326530610E+001
3.6790116825102049E-003, -4.1415816326530610E+001
3.7421112215534841E-003, -4.1415816326530610E+001
3.8062929946778307E-003, -4.2066326530612244E+001
3.8715755635181522E-003, -4.2283163265306122E+001
3.9379778080640389E-003, -4.3150510204081634E+001
4.0055189321199286E-003, -4.3584183673469390E+001
4.0742184688589448E-003, -4.4451530612244895E+001
4.1440962864719632E-003, -4.5102040816326536E+001
4.2151725939135621E-003, -4.5318877551020407E+001
4.2874679467465584E-003, -4.5535714285714285E+001
4.3610032530867534E-003, -4.5752551020408163E+001
4.4357997796496268E-003, -4.5752551020408163E+001
4.5118791579007974E-003, -4.5535714285714285E+001
4.5892633903118919E-003, -4.5969387755102048E+001
4.6679748567237831E-003, -4.6186224489795919E+001
4.7480363208189224E-003, -4.6619897959183668E+001
4.8294709367046711E-003, -4.7270408163265309E+001
4.9123022556095989E-003, -4.7704081632653057E+001
4.9965542326945800E-003, -4.8137755102040821E+001
5.0822512339807066E-003, -4.8354591836734691E+001
5.1694180433960795E-003, -4.8571428571428569E+001
5.2580798699433991E-003, -4.8788265306122454E+001
5.3482623549905182E-003, -4.8788265306122454E+001
5.4399915796860447E-003, -4.9005102040816332E+001
5.5332940725020714E-003, -4.9438775510204081E+001
5.6281968169063900E-003, -5.0089285714285715E+001
5.7247272591661735E-003, -5.0522959183673464E+001
5.8229133162855653E-003, -5.0739795918367349E+001
5.9227833840793899E-003, -5.0956632653061227E+001
6.0243663453853485E-003, -5.1173469387755105E+001
6.1276915784170332E-003, -5.0956632653061227E+001
6.2327889652602463E-003, -5.1173469387755105E+001
6.3396889005150293E-003, -5.1607142857142854E+001
6.4484223000858950E-003, -5.1607142857142854E+001
6.5590206101228442E-003, -5.2040816326530610E+001
6.6715158161156961E-003, -5.2474489795918366E+001
6.7859404521444650E-003, -5.3125000000000000E+001
6.9023276102883335E-003, -5.3558673469387749E+001
7.0207109501959951E-003, -5.3992346938775512E+001
7.1411247088202078E-003, -5.4642857142857146E+001
7.2636037103192405E-003, -5.5076530612244895E+001
7.3881833761281421E-003, -5.5293367346938773E+001
7.5148997352028207E-003, -5.5943877551020407E+001
7.6437894344397062E-003, -5.6377551020408163E+001
7.7748897492742365E-003, -5.7028061224489797E+001
7.9082385944610461E-003, -5.7461734693877546E+001
8.0438745350390490E-003, -5.7895408163265309E+001
8.1818367974846491E-003, -5.8112244897959179E+001
8.3221652810561847E-003, -5.8329081632653057E+001
8.4649005693329255E-003, -5.8762755102040821E+001
8.6100839419520694E-003, -5.9630102040816332E+001
8.7577573865469573E-003, -6.0063775510204081E+001
8.9079636108900396E-003, -5.9846938775510203E+001
9.0607460552442117E-003, -6.0497448979591837E+001
9.2161489049258395E-003, -6.0931122448979593E+001
9.3742171030834001E-003, -6.1581632653061227E+001
9.5349963636951959E-003, -6.2448979591836739E+001
9.6985331847900293E-003, -6.3316326530612251E+001
9.8648748618946278E-003, -6.3966836734693878E+001
1.0034069501711727E-002, -6.4400510204081641E+001
1.0206166036032652E-002, -6.4400510204081641E+001
1.0381214235888702E-002, -6.4400510204081641E+001
1.0559264725945074E-002, -6.4400510204081641E+001
1.0740368999141738E-002, -6.4400510204081641E+001
1.0924579431585422E-002, -6.4617346938775512E+001
1.1111949297696950E-002, -6.5051020408163268E+001
1.1302532785618512E-002, -6.5267857142857153E+001
1.1496385012884998E-002, -6.5267857142857153E+001
1.1693562042364315E-002, -6.5267857142857153E+001
1.1894120898470943E-002, -6.5267857142857153E+001
1.2098119583657620E-002, -6.5267857142857153E+001
1.2305617095189942E-002, -6.5701530612244895E+001
1.2516673442208590E-002, -6.5918367346938780E+001
1.2731349663084228E-002, -6.5918367346938780E+001
1.2949707843070014E-002, -6.5918367346938780E+001
1.3171811132256997E-002, -6.5918367346938780E+001
1.3397723763837282E-002, -6.5918367346938780E+001
1.3627511072680632E-002, -6.6352040816326536E+001
1.3861239514229538E-002, -6.6352040816326536E+001
1.4098976683718369E-002, -6.6568877551020407E+001
1.4340791335722291E-002, -6.6568877551020407E+001
1.4586753404041261E-002, -6.6568877551020407E+001
1.4836934021925281E-002, -6.6785714285714278E+001
1.5091405542646355E-002, -6.7002551020408163E+001
1.5350241560423401E-002, -6.7002551020408163E+001
1.5613516931705932E-002, -6.7002551020408163E+001
1.5881307796822949E-002, -6.7002551020408163E+001
1.6153691602002990E-002, -6.7219387755102048E+001
1.6430747121771862E-002, -6.7436224489795919E+001
1.6712554481734657E-002, -6.7436224489795919E+001
1.6999195181748295E-002, -6.7436224489795919E+001
1.7290752119491725E-002, -6.7653061224489790E+001
1.7587309614440216E-002, -6.7869897959183675E+001
1.7888953432250915E-002, -6.7869897959183675E+001
1.8195770809566646E-002, -6.7869897959183675E+001
1.8507850479245060E-002, -6.7869897959183675E+001
1.8825282696020570E-002, -6.8303571428571431E+001
1.9148159262606452E-002, -6.8303571428571431E+001
1.9476573556244492E-002, -6.8303571428571431E+001
1.9810620555710125E-002, -6.8520408163265301E+001
2.0150396868780604E-002, -6.8737244897959187E+001
2.0496000760174497E-002, -6.8737244897959187E+001
2.0847532179970176E-002, -6.8737244897959187E+001
2.1205092792511752E-002, -6.8954081632653057E+001
2.1568786005810935E-002, -6.8954081632653057E+001
2.1938717001453001E-002, -6.8954081632653057E+001
2.2314992765015682E-002, -6.9170918367346943E+001
2.2697722117009957E-002, -6.9170918367346943E+001
2.3087015744351354E-002, -6.9170918367346943E+001
2.3482986232370960E-002, -6.9170918367346943E+001
2.3885748097375765E-002, -6.9387755102040813E+001
2.4295417819767035E-002, -6.9604591836734699E+001
2.4712113877727114E-002, -6.9604591836734699E+001
2.5135956781483691E-002, -6.9821428571428569E+001
2.5567069108161932E-002, -7.0038265306122454E+001
2.6005575537234166E-002, -7.0038265306122454E+001
2.6451602886577896E-002, -7.0038265306122454E+001
2.6905280149151851E-002, -7.0255102040816325E+001
2.7366738530301461E-002, -7.0255102040816325E+001
2.7836111485703915E-002, -7.0471938775510210E+001
2.8313534759963999E-002, -7.0688775510204081E+001
2.8799146425872193E-002, -7.0688775510204081E+001
2.9293086924335743E-002, -7.0905612244897952E+001
2.9795499104994853E-002, -7.0905612244897952E+001
3.0306528267535240E-002, -7.1339285714285722E+001
3.0826322203709636E-002, -7.1556122448979593E+001
3.1355031240079531E-002, -7.1772959183673464E+001
3.1892808281490471E-002, -7.2206632653061220E+001
3.2439808855292546E-002, -7.2423469387755105E+001
3.2996191156319722E-002, -7.2640306122448976E+001
3.3562116092640426E-002, -7.2857142857142847E+001
3.4137747332092627E-002, -7.3290816326530617E+001
3.4723251349617547E-002, -7.3507653061224488E+001
3.5318797475404708E-002, -7.3941326530612244E+001
3.5924557943862977E-002, -7.3941326530612244E+001
3.6540707943431519E-002, -7.4375000000000000E+001
3.7167425667244854E-002, -7.4591836734693871E+001
3.7804892364667289E-002, -7.4808673469387756E+001
3.8453292393710869E-002, -7.4808673469387756E+001
3.9112813274352350E-002, -7.5025510204081641E+001
3.9783645742765009E-002, -7.5242346938775512E+001
4.0465983806480241E-002, -7.5459183673469383E+001
4.1160024800495069E-002, -7.5459183673469383E+001
4.1865969444342718E-002, -7.5676020408163268E+001
4.2584021900141232E-002, -7.6109693877551024E+001
4.3314389831638059E-002, -7.6326530612244895E+001
4.4057284464267342E-002, -7.6543367346938780E+001
4.4812920646236980E-002, -7.6977040816326536E+001
4.5581516910663922E-002, -7.7193877551020407E+001
4.6363295538774690E-002, -7.7410714285714278E+001
4.7158482624189903E-002, -7.7627551020408163E+001
4.7967308138311772E-002, -7.7844387755102048E+001
4.8790005996832593E-002, -7.8061224489795919E+001
4.9626814127384164E-002, -7.8278061224489790E+001
5.0477974538347535E-002, -7.8711734693877546E+001
5.1343733388842586E-002, -7.8711734693877546E+001
5.2224341059918661E-002, -7.9145408163265301E+001
5.3120052226965413E-002, -7.9145408163265301E+001
5.4031125933366161E-002, -7.9362244897959187E+001
5.4957825665414399E-002, -7.9579081632653057E+001
5.5900419428515050E-002, -7.9795918367346943E+001
5.6859179824692518E-002, -8.0012755102040813E+001
5.7834384131428732E-002, -8.0446428571428569E+001
5.8826314381852651E-002, -8.0880102040816325E+001
5.9835257446305502E-002, -8.1313775510204081E+001
6.0861505115304936E-002, -8.1747448979591837E+001
6.1905354183931817E-002, -8.2181122448979593E+001
6.2967106537664908E-002, -8.2614795918367349E+001
6.4047069239687310E-002, -8.2831632653061220E+001
6.5145554619690127E-002, -8.3265306122448976E+001
6.6262880364199986E-002, -8.3698979591836732E+001
6.7399369608454884E-002, -8.4132653061224488E+001
6.8555351029856368E-002, -8.4566326530612244E+001
6.9731158943024590E-002, -8.5000000000000000E+001
7.0927133396483266E-002, -8.5433673469387756E+001
7.2143620271003156E-002, -8.6084183673469383E+001
7.3380971379632315E-002, -8.6517857142857139E+001
7.4639544569441621E-002, -8.6951530612244909E+001
7.5919703825016019E-002, -8.7385204081632665E+001
7.7221819373720163E-002, -8.7818877551020407E+001
7.8546267792769534E-002, -8.8035714285714292E+001
7.9893432118138499E-002, -8.8035714285714292E+001
8.1263701955335665E-002, -8.8469387755102048E+001
8.2657473592079464E-002, -8.8686224489795904E+001
8.4075150112906255E-002, -8.9119897959183675E+001
8.5517141515743869E-002, -8.9553571428571431E+001
8.6983864830484800E-002, -9.0204081632653072E+001
8.8475744239593271E-002, -9.0637755102040813E+001
8.9993211200779938E-002, -9.1288265306122454E+001
9.1536704571781910E-002, -9.1721938775510210E+001
9.3106670737281919E-002, -9.2372448979591837E+001
9.4703563738004315E-002, -9.2806122448979593E+001
9.6327845402026158E-002, -9.3239795918367335E+001
9.7979985478339401E-002, -9.3673469387755091E+001
9.9660461772704323E-002, -9.3890306122448976E+001
1.0136976028583307E-001, -9.3890306122448976E+001
1.0310837535394263E-001, -9.4107142857142861E+001
1.0487680979171958E-001, -9.4107142857142861E+001
1.0667557503773584E-001, -9.4323979591836732E+001
1.0850519130235861E-001, -9.4540816326530617E+001
1.1036618771819759E-001, -9.4757653061224502E+001
1.1225910249313265E-001, -9.4974489795918359E+001
1.1418448306596500E-001, -9.5191326530612244E+001
1.1614288626473959E-001, -9.5408163265306115E+001
1.1813487846778155E-001, -9.5625000000000000E+001
1.2016103576749533E-001, -9.5625000000000000E+001
1.2222194413697314E-001, -9.6058673469387756E+001
1.2431819959946025E-001, -9.6275510204081641E+001
1.2645040840072819E-001, -9.6492346938775498E+001
1.2861918718440310E-001, -9.6709183673469383E+001
1.3082516317030135E-001, -9.6926020408163268E+001
1.3306897433582471E-001, -9.7142857142857139E+001
1.3535126960046570E-001, -9.7359693877551024E+001
1.3767270901347817E-001, -9.7576530612244909E+001
1.4003396394476508E-001, -9.7793367346938780E+001
1.4243571727904325E-001, -9.8010204081632665E+001
1.4487866361333529E-001, -9.8227040816326522E+001
1.4736350945785032E-001, -9.8227040816326522E+001
1.4989097344030913E-001, -9.8443877551020407E+001
1.5246178651377509E-001, -9.8660714285714292E+001
1.5507669216804856E-001, -9.8877551020408163E+001
1.5773644664468647E-001, -9.8877551020408163E+001
1.6044181915571173E-001, -9.9094387755102048E+001
1.6319359210607171E-001, -9.9311224489795904E+001
1.6599256131991322E-001, -9.9528061224489790E+001
1.6883953627073842E-001, -9.9744897959183675E+001
1.7173534031550700E-001, -9.9744897959183675E+001
1.7468081093275567E-001, -9.9961734693877546E+001
1.7767679996480007E-001, -9.9961734693877546E+001
1.8072417386408965E-001, -1.0017857142857143E+002
1.8382381394379171E-001, -1.0039540816326530E+002
1.8697661663266943E-001, -1.0061224489795919E+002
1.9018349373433244E-001, -1.0082908163265307E+002
1.9344537269093526E-001, -1.0104591836734693E+002
1.9676319685139679E-001, -1.0126275510204081E+002
2.0013792574422082E-001, -1.0147959183673470E+002
2.0357053535499589E-001, -1.0169642857142857E+002
2.0706201840865357E-001, -1.0191326530612245E+002
2.1061338465656979E-001, -1.0191326530612245E+002
2.1422566116858857E-001, -1.0213010204081633E+002
2.1789989263005424E-001, -1.0234693877551021E+002
2.2163714164394005E-001, -1.0256377551020410E+002
2.2543848903815686E-001, -1.0256377551020410E+002
2.2930503417813161E-001, -1.0278061224489795E+002
2.3323789528475095E-001, -1.0299744897959184E+002
2.3723820975775362E-001, -1.0321428571428571E+002
2.4130713450467156E-001, -1.0343112244897959E+002
2.4544584627541274E-001, -1.0364795918367348E+002
2.4965554200258094E-001, -1.0386479591836734E+002
2.5393743914763522E-001, -1.0408163265306122E+002
2.5829277605298417E-001, -1.0429846938775509E+002
2.6272281230011857E-001, -1.0451530612244898E+002
2.6722882907388956E-001, -1.0473214285714286E+002
2.7181212953303124E-001, -1.0494897959183673E+002
2.7647403918703994E-001, -1.0516581632653062E+002
2.8121590627951754E-001, -1.0516581632653062E+002
2.8603910217808753E-001, -1.0538265306122450E+002
2.9094502177100273E-001, -1.0538265306122450E+002
2.9593508387055034E-001, -1.0538265306122450E+002
3.0101073162337938E-001, -1.0559948979591836E+002
3.0617343292786525E-001, -1.0581632653061224E+002
3.1142468085863151E-001, -1.0581632653061224E+002
3.1676599409835215E-001, -1.0603316326530611E+002
3.2219891737696299E-001, -1.0603316326530611E+002
3.2772502191840247E-001, -1.0625000000000000E+002
3.3334590589501678E-001, -1.0625000000000000E+002
3.3906319488975795E-001, -1.0646683673469389E+002
3.4487854236630799E-001, -1.0668367346938776E+002
3.5079363014726950E-001, -1.0690051020408164E+002
3.5681016890055456E-001, -1.0690051020408164E+002
3.6292989863411618E-001, -1.0711734693877550E+002
3.6915458919916799E-001, -1.0733418367346938E+002
3.7548604080203030E-001, -1.0755102040816327E+002
3.8192608452475824E-001, -1.0798469387755102E+002
3.8847658285469888E-001, -1.0820153061224491E+002
3.9513943022312936E-001, -1.0841836734693878E+002
4.0191655355313460E-001, -1.0863520408163266E+002
4.0880991281688189E-001, -1.0885204081632652E+002
4.1582150160245113E-001, -1.0928571428571429E+002
4.2295334769039145E-001, -1.0950255102040816E+002
4.3020751364016246E-001, -1.0993622448979590E+002
4.3758609738663379E-001, -1.1015306122448979E+002
4.4509123284681879E-001, -1.1036989795918367E+002
4.5272509053701093E-001, -1.1036989795918367E+002
4.6048987820050624E-001, -1.1058673469387755E+002
4.6838784144609286E-001, -1.1036989795918367E+002
4.7642126439748655E-001, -1.1058673469387755E+002
4.8459247035391462E-001, -1.1036989795918367E+002
4.9290382246202008E-001, -1.1036989795918367E+002
5.0135772439929271E-001, -1.1036989795918367E+002
5.0995662106922546E-001, -1.1036989795918367E+002
5.1870299930838915E-001, -1.1058673469387755E+002
5.2759938860563438E-001, -1.1080357142857143E+002
5.3664836183363307E-001, -1.1102040816326530E+002
5.4585253599296235E-001, -1.1123724489795919E+002
5.5521457296895205E-001, -1.1167091836734693E+002
5.6473718030151376E-001, -1.1188775510204081E+002
5.7442311196817009E-001, -1.1232142857142857E+002
5.8427516918052025E-001, -1.1253826530612245E+002
5.9429620119435989E-001, -1.1297193877551021E+002
6.0448910613369666E-001, -1.1318877551020410E+002
6.1485683182890083E-001, -1.1340561224489795E+002
6.2540237666923226E-001, -1.1340561224489795E+002
6.3612879046998216E-001, -1.1340561224489795E+002
6.4703917535449673E-001, -1.1340561224489795E+002
6.5813668665132219E-001, -1.1297193877551021E+002
6.6942453380673861E-001, -1.1253826530612245E+002
6.8090598131294666E-001, -1.1275510204081633E+002
6.9258434965216886E-001, -1.1318877551020410E+002
7.0446301625695129E-001, -1.1383928571428571E+002
7.1654541648692893E-001, -1.1405612244897959E+002
7.2883504462234361E-001, -1.1448979591836734E+002
7.4133545487460906E-001, -1.1492346938775509E+002
7.5405026241420015E-001, -1.1514030612244898E+002
7.6698314441617799E-001, -1.1514030612244898E+002
7.8013784112363760E-001, -1.1514030612244898E+002
7.9351815692941130E-001, -1.1514030612244898E+002
8.0712796147630839E-001, -1.1514030612244898E+002
8.2097119077623470E-001, -1.1470663265306122E+002
8.3505184834849988E-001, -1.1448979591836734E+002
8.4937400637765659E-001, -1.1448979591836734E+002
8.6394180689119160E-001, -1.1448979591836734E+002
8.7875946295741347E-001, -1.1470663265306122E+002
8.9383125990389545E-001, -1.1535714285714286E+002
9.0916155655680608E-001, -1.1600765306122450E+002
9.2475478650150111E-001, -1.1665816326530611E+002
9.4061545936473523E-001, -1.1687500000000000E+002
9.5674816211886093E-001, -1.1687500000000000E+002
9.7315756040840640E-001, -1.1665816326530611E+002
9.8984839989939677E-001, -1.1622448979591836E+002
1.0068255076518144E+000, -1.1579081632653062E+002
1.0240937935156131E+000, -1.1557397959183673E+002
1.0416582515506645E+000, -1.1557397959183673E+002
1.0595239614710592E+000, -1.1622448979591836E+002
1.0776960901141823E+000, -1.1687500000000000E+002
1.0961798929349842E+000, -1.1752551020408164E+002
1.1149807155258791E+000, -1.1795918367346938E+002
1.1341039951627137E+000, -1.1839285714285714E+002
1.1535552623772491E+000, -1.1839285714285714E+002
1.1733401425566168E+000, -1.1795918367346938E+002
1.1934643575701926E+000, -1.1774234693877550E+002
1.2139337274244018E+000, -1.1774234693877550E+002
1.2347541719458774E+000, -1.1817602040816327E+002
1.2559317124935050E+000, -1.1860969387755102E+002
1.2774724736998133E+000, -1.1904336734693878E+002
1.2993826852422599E+000, -1.1947704081632652E+002
1.3216686836448681E+000, -1.1947704081632652E+002
1.3443369141107799E+000, -1.1904336734693878E+002
1.3673939323862347E+000, -1.1882653061224491E+002
1.3908464066565180E+000, -1.1904336734693878E+002
1.4147011194744323E+000, -1.1926020408163266E+002
1.4389649697218267E+000, -1.1947704081632652E+002
1.4636449746048001E+000, -1.1969387755102041E+002
1.4887482716830944E+000, -1.1991071428571429E+002
1.5142821209343096E+000, -1.1969387755102041E+002
1.5402539068535197E+000, -1.1969387755102041E+002
1.5666711405888984E+000, -1.1947704081632652E+002
1.5935414621139781E+000, -1.1969387755102041E+002
1.6208726424371489E+000, -1.1991071428571429E+002
1.6486725858490860E+000, -1.2034438775510205E+002
1.6769493322086904E+000, -1.2056122448979590E+002
1.7057110592682552E+000, -1.2077806122448979E+002
1.7349660850384934E+000, -1.2077806122448979E+002
1.7647228701941602E+000, -1.2077806122448979E+002
1.7949900205209024E+000, -1.2099489795918367E+002
1.8257762894040901E+000, -1.2121173469387755E+002
1.8570905803603326E+000, -1.2164540816326530E+002
1.8889419496124116E+000, -1.2186224489795919E+002
1.9213396087083834E+000, -1.2164540816326530E+002
1.9542929271855800E+000, -1.2142857142857143E+002
1.9878114352803420E+000, -1.2142857142857143E+002
2.0219048266841875E+000, -1.2186224489795919E+002
2.0565829613472753E+000, -1.2229591836734693E+002
2.0918558683299255E+000, -1.2186224489795919E+002
2.1277337487030934E+000, -1.2164540816326530E+002
2.1642269784985420E+000, -1.2186224489795919E+002
2.2013461117096389E+000, -1.2229591836734693E+002
2.2391018833436145E+000, -1.2272959183673470E+002
2.2775052125261714E+000, -1.2251275510204081E+002
2.3165672056593438E+000, -1.2207908163265307E+002
2.3562991596334983E+000, -1.2251275510204081E+002
2.3967125650944685E+000, -1.2294642857142857E+002
2.4378191097666781E+000, -1.2251275510204081E+002
2.4796306818332852E+000, -1.2229591836734693E+002
2.5221593733742935E+000, -1.2294642857142857E+002
2.5654174838636319E+000, -1.2338010204081633E+002
2.6094175237262194E+000, -1.2272959183673470E+002
2.6541722179560092E+000, -1.2229591836734693E+002
2.6996945097961427E+000, -1.2294642857142857E+002
2.7459975644821686E+000, -1.2381377551020410E+002
2.7930947730494919E+000, -1.2316326530612245E+002
2.8409997562060965E+000, -1.2294642857142857E+002
2.8897263682717447E+000, -1.2381377551020410E+002
2.9392887011846787E+000, -1.2381377551020410E+002
2.9897010885770761E+000, -1.2359693877551021E+002
3.0409781099203941E+000, -1.2403061224489795E+002
3.0931345947418132E+000, -1.2424744897959184E+002
3.1461856269129984E+000, -1.2403061224489795E+002
3.2001465490124179E+000, -1.2424744897959184E+002
3.2550329667624860E+000, -1.2446428571428571E+002
3.3108607535427765E+000, -1.2424744897959184E+002
3.3676460549807166E+000, -1.2446428571428571E+002
3.4254052936209156E+000, -1.2489795918367348E+002
3.4841551736746803E+000, -1.2468112244897959E+002
3.5439126858509153E+000, -1.2511479591836734E+002
3.6046951122699129E+000, -1.2511479591836734E+002
3.6665200314614128E+000, -1.2533163265306122E+002
3.7294053234483888E+000, -1.2554846938775509E+002
3.7933691749180225E+000, -1.2576530612244898E+002
3.8584300844813701E+000, -1.2576530612244898E+002
3.9246068680232455E+000, -1.2576530612244898E+002
3.9919186641438200E+000, -1.2576530612244898E+002
4.0603849396936322E+000, -1.2598214285714286E+002
4.1300254954034505E+000, -1.2619897959183673E+002
4.2008604716107349E+000, -1.2619897959183673E+002
4.2729103540843143E+000, -1.2641581632653062E+002
4.3461959799489200E+000, -1.2598214285714286E+002
4.4207385437114235E+000, -1.2619897959183673E+002
4.4965596033903381E+000, -1.2641581632653062E+002
4.5736810867504971E+000, -1.2641581632653062E+002
4.6521252976446554E+000, -1.2619897959183673E+002
4.7319149224638632E+000, -1.2663265306122450E+002
4.8130730366984293E+000, -1.2663265306122450E+002
4.8956231116115019E+000, -1.2641581632653062E+002
4.9795890210270217E+000, -1.2663265306122450E+002
5.0649950482341364E+000, -1.2619897959183673E+002
5.1518658930100303E+000, -1.2663265306122450E+002
5.2402266787632028E+000, -1.2684948979591836E+002
5.3301029597992731E+000, -1.2706632653061224E+002
5.4215207287113447E+000, -1.2728316326530611E+002
5.5145064238972408E+000, -1.2684948979591836E+002
5.6090869372055545E+000, -1.2728316326530611E+002
5.7052896217129003E+000, -1.2728316326530611E+002
5.8031422996344979E+000, -1.2793367346938776E+002
5.9026732703705367E+000, -1.2771683673469389E+002
6.0039113186904354E+000, -1.2750000000000000E+002
6.1068857230575295E+000, -1.2793367346938776E+002
6.2116262640965205E+000, -1.2793367346938776E+002
6.3181632332061604E+000, -1.2880102040816328E+002
6.4265274413196583E+000, -1.2923469387755102E+002
6.5367502278152818E+000, -1.2923469387755102E+002
6.6488634695799131E+000, -1.2945153061224491E+002
6.7628995902279208E+000, -1.2945153061224491E+002
6.8788915694782204E+000, -1.2988520408163265E+002
6.9968729526921614E+000, -1.3031887755102042E+002
7.1168778605749212E+000, -1.3053571428571431E+002
7.2389409990434466E+000, -1.3075255102040816E+002
7.3630976692634906E+000, -1.3096938775510205E+002
7.4893837778588663E+000, -1.3118622448979590E+002
7.6178358472957957E+000, -1.3140306122448979E+002
7.7484910264453735E+000, -1.3118622448979590E+002
7.8813871013271095E+000, -1.3161989795918367E+002
8.0165625060368981E+000, -1.3161989795918367E+002
8.1540563338622540E+000, -1.3161989795918367E+002
8.2939083485882694E+000, -1.3161989795918367E+002
8.4361589959974719E+000, -1.3205357142857144E+002
8.5808494155668971E+000, -1.3205357142857144E+002
8.7280214523658106E+000, -1.3205357142857144E+002
8.8777176691574891E+000, -1.3270408163265307E+002
9.0299813587084738E+000, -1.3270408163265307E+002
9.1848565563091249E+000, -1.3270408163265307E+002
9.3423880525087633E+000, -1.3248724489795919E+002
9.5026214060692187E+000, -1.3292091836734693E+002
9.6656029571407309E+000, -1.3400510204081633E+002
9.8313798406636348E+000, -1.3357142857142856E+002
1.0000000000000000E+001, -1.3313775510204081E+002
1.0171512200799073E+001, -1.3292091836734693E+002
1.0345966045100399E+001, -1.3357142857142856E+002
1.0523411985679164E+001, -1.3422193877551021E+002
1.0703901340637039E+001, -1.3465561224489795E+002
1.0887486308243920E+001, -1.3487244897959184E+002
1.1074219982033567E+001, -1.3487244897959184E+002
1.1264156366158733E+001, -1.3530612244897958E+002
1.1457350391009165E+001, -1.3573979591836735E+002
1.1653857929097974E+001, -1.3617346938775509E+002
1.1853735811219858E+001, -1.3639030612244898E+002
1.2057041842887170E+001, -1.3660714285714286E+002
1.2263834821047155E+001, -1.3682397959183672E+002
1.2474174551086540E+001, -1.3725765306122449E+002
1.2688121864127378E+001, -1.3769132653061226E+002
1.2905738634619686E+001, -1.3769132653061226E+002
1.3127087798235811E+001, -1.3769132653061226E+002
1.3352233370071593E+001, -1.3747448979591837E+002
1.3581240463159974E+001, -1.3747448979591837E+002
1.3814175307301715E+001, -1.3747448979591837E+002
1.4051105268219670E+001, -1.3769132653061226E+002
1.4292098867040792E+001, -1.3769132653061226E+002
1.4537225800113204E+001, -1.3812500000000000E+002
1.4786556959162223E+001, -1.3834183673469389E+002
1.5040164451792869E+001, -1.3855867346938774E+002
1.5298121622343537E+001, -1.3877551020408163E+002
1.5560503073097507E+001, -1.3920918367346940E+002
1.5827384685858245E+001, -1.3942602040816328E+002
1.6098843643894757E+001, -1.3942602040816328E+002
1.6374958454263211E+001, -1.3942602040816328E+002
1.6655808970511551E+001, -1.3942602040816328E+002
1.6941476415773689E+001, -1.3942602040816328E+002
1.7232043406259116E+001, -1.3920918367346940E+002
1.7527593975146381E+001, -1.3899234693877551E+002
1.7828213596885337E+001, -1.3877551020408163E+002
1.8133989211917079E+001, -1.3920918367346940E+002
1.8445009251817297E+001, -1.3942602040816328E+002
1.8761363664871105E+001, -1.3920918367346940E+002
1.9083143942086448E+001, -1.3942602040816328E+002
1.9410443143653723E+001, -1.3942602040816328E+002
1.9743355925858975E+001, -1.3920918367346940E+002
2.0081978568459323E+001, -1.3704081632653060E+002
2.0426409002526871E+001, -1.3790816326530611E+002
2.0776746838771409E+001, -1.3942602040816328E+002
2.1133093396347697E+001, -1.4007653061224491E+002
2.1495551732157651E+001, -1.4051020408163265E+002
2.1864226670654876E+001, -1.4072704081632654E+002
2.2239224834160211E+001, -1.4072704081632654E+002
2.2620654673697388E+001, -1.4094387755102042E+002
2.3008626500357508E+001, -1.4094387755102042E+002
2.3403252517201530E+001, -1.4116071428571431E+002
2.3804646851709602E+001, -1.4116071428571431E+002
2.4212925588787748E+001, -1.4116071428571431E+002
2.4628206804339364E+001, -1.4116071428571431E+002
2.5050610599414060E+001, -1.4094387755102042E+002
2.5480259134940621E+001, -1.4116071428571431E+002
2.5917276667057056E+001, -1.4116071428571431E+002
2.6361789583045493E+001, -1.4116071428571431E+002
2.6813926437884515E+001, -1.4116071428571431E+002
2.7273817991427062E+001, -1.4137755102040816E+002
2.7741597246217307E+001, -1.4159438775510205E+002
2.8217399485955333E+001, -1.4159438775510205E+002
2.8701362314621498E+001, -1.4181122448979590E+002
2.9193625696272733E+001, -1.4159438775510205E+002
2.9694331995519825E+001, -1.4159438775510205E+002
3.0203626018700817E+001, -1.3899234693877551E+002
3.0721655055758710E+001, -1.3985969387755102E+002
3.1248568922839027E+001, -1.4094387755102042E+002
3.1784520005616660E+001, -1.4116071428571431E+002
3.2329663303367212E+001, -1.4137755102040816E+002
3.2884156473792430E+001, -1.4137755102040816E+002
3.3448159878616558E+001, -1.4137755102040816E+002
3.4021836629962564E+001, -1.4159438775510205E+002
3.4605352637525634E+001, -1.4159438775510205E+002
3.5198876656554638E+001, -1.4159438775510205E+002
3.5802580336656575E+001, -1.4181122448979590E+002
3.6416638271439140E+001, -1.4202806122448979E+002
3.7041228049002889E+001, -1.4246173469387756E+002
3.7676530303301377E+001, -1.4246173469387756E+002
3.8322728766380443E+001, -1.4246173469387756E+002
3.8980010321515230E+001, -1.4267857142857144E+002
3.9648565057256434E+001, -1.4289540816326530E+002
4.0328586322405968E+001, -1.4072704081632654E+002
4.1020270781933007E+001, -1.4224489795918367E+002
4.1723818473851246E+001, -1.4289540816326530E+002
4.2439432867070288E+001, -1.4289540816326530E+002
4.3167320920239774E+001, -1.4289540816326530E+002
4.3907693141602799E+001, -1.4311224489795919E+002
4.4660763649875378E+001, -1.4311224489795919E+002
4.5426750236171117E+001, -1.4311224489795919E+002
4.6205874426986476E+001, -1.4332908163265307E+002
4.6998361548268285E+001, -1.4332908163265307E+002
4.7804440790577495E+001, -1.4332908163265307E+002
4.8624345275373592E+001, -1.4332908163265307E+002
4.9458312122432829E+001, -1.4267857142857144E+002
5.0306582518425323E+001, -1.4332908163265307E+002
5.1169401786666747E+001, -1.4397959183673470E+002
5.2047019458066970E+001, -1.4419642857142856E+002
5.2939689343295385E+001, -1.4397959183673470E+002
5.3847669606184169E+001, -1.4397959183673470E+002
5.4771222838389747E+001, -1.4311224489795919E+002
5.5710616135336622E+001, -1.4246173469387756E+002
5.6666121173461015E+001, -1.4246173469387756E+002
5.7638014288781513E+001, -1.4246173469387756E+002
5.8626576556817248E+001, -1.4267857142857144E+002
5.9632093873874631E+001, -1.4289540816326530E+002
6.0654857039731027E+001, -1.4224489795918367E+002
6.1695161841734645E+001, -1.4376275510204081E+002
6.2753309140347611E+001, -1.4441326530612244E+002
6.3829604956156047E+001, -1.4484693877551021E+002
6.4924360558372626E+001, -1.4463010204081633E+002
6.6037892554856256E+001, -1.4441326530612244E+002
6.7170522983677870E+001, -1.4441326530612244E+002
6.8322579406253126E+001, -1.4397959183673470E+002
6.9494395002076729E+001, -1.4397959183673470E+002
7.0686308665077206E+001, -1.4267857142857144E+002
7.1898665101628211E+001, -1.4441326530612244E+002
7.3131814930237638E+001, -1.4484693877551021E+002
7.4386114782949051E+001, -1.4506377551020410E+002
7.5661927408480508E+001, -1.4528061224489795E+002
7.6959621777133165E+001, -1.4528061224489795E+002
7.8279573187499210E+001, -1.4506377551020410E+002
7.9622163374998905E+001, -1.4484693877551021E+002
8.0987780622281846E+001, -1.4397959183673470E+002
8.2376819871517526E+001, -1.4484693877551021E+002
8.3789682838616798E+001, -1.4549744897959184E+002
8.5226778129407379E+001, -1.4571428571428569E+002
8.6688521357806280E+001, -1.4571428571428569E+002
8.8175335266015409E+001, -1.4549744897959184E+002
8.9687649846782449E+001, -1.4506377551020410E+002
9.1225902467754111E+001, -1.4441326530612244E+002
9.2790537997966524E+001, -1.4528061224489795E+002
9.4382008936502658E+001, -1.4549744897959184E+002
9.6000775543355999E+001, -1.4593112244897958E+002
9.7647305972541886E+001, -1.4549744897959184E+002
9.9322076407486605E+001, -1.4506377551020410E+002
1.0102557119874479E+002, -1.4506377551020410E+002
1.0275828300407260E+002, -1.4506377551020410E+002
1.0452071293090884E+002, -1.4528061224489795E+002
1.0631337068129525E+002, -1.4549744897959184E+002
1.0813677469928692E+002, -1.4549744897959184E+002
1.0999145232088529E+002, -1.4549744897959184E+002
1.1187793992654943E+002, -1.4571428571428569E+002
1.1379678309631610E+002, -1.4614795918367346E+002
1.1574853676758626E+002, -1.4658163265306123E+002
1.1773376539561438E+002, -1.4658163265306123E+002
1.1975304311675026E+002, -1.4636479591836735E+002
1.2180695391448428E+002, -1.4636479591836735E+002
1.2389609178833447E+002, -1.4658163265306123E+002
1.2602106092563660E+002, -1.4658163265306123E+002
1.2818247587627508E+002, -1.4636479591836735E+002
1.3038096173041649E+002, -1.4636479591836735E+002
1.3261715429928429E+002, -1.4636479591836735E+002
1.3489170029904236E+002, -1.4679846938775509E+002
1.3720525753782385E+002, -1.4679846938775509E+002
1.3955849510597517E+002, -1.4679846938775509E+002
1.4195209356955812E+002, -1.4701530612244898E+002
1.4438674516717293E+002, -1.4701530612244898E+002
1.4686315401015631E+002, -1.4679846938775509E+002
1.4938203628621383E+002, -1.4658163265306123E+002
1.5194412046654338E+002, -1.4658163265306123E+002
1.5455014751651240E+002, -1.4679846938775509E+002
1.5720087110995024E+002, -1.4701530612244898E+002
1.5989705784710949E+002, -1.4723214285714286E+002
1.6263948747637494E+002, -1.4744897959183672E+002
1.6542895311976525E+002, -1.4766581632653060E+002
1.6826626150231067E+002, -1.4766581632653060E+002
1.7115223318535971E+002, -1.4766581632653060E+002
1.7408770280388907E+002, -1.4766581632653060E+002
1.7707351930788371E+002, -1.4766581632653060E+002
1.8011054620785697E+002, -1.4766581632653060E+002
1.8319966182457949E+002, -1.4766581632653060E+002
1.8634175954309745E+002, -1.4788265306122449E+002
1.8953774807109829E+002, -1.4788265306122449E+002
1.9278855170171494E+002, -1.4788265306122449E+002
1.9609511058083766E+002, -1.4809948979591837E+002
1.9945838097900295E+002, -1.4809948979591837E+002
2.0287933556795542E+002, -1.4831632653061226E+002
2.0635896370194641E+002, -1.4831632653061226E+002
2.0989827170385965E+002, -1.4831632653061226E+002
2.1349828315624433E+002, -1.4658163265306123E+002
2.1716003919733944E+002, -1.4788265306122449E+002
2.2088459882217342E+002, -1.4831632653061226E+002
2.2467303918883457E+002, -1.4831632653061226E+002
2.2852645592998297E+002, -1.4831632653061226E+002
2.3244596346971935E+002, -1.4853316326530611E+002
2.3643269534587412E+002, -1.4875000000000000E+002
2.4048780453783692E+002, -1.4744897959183672E+002
2.4461246379999858E+002, -1.4658163265306123E+002
2.4880786600092023E+002, -1.4679846938775509E+002
2.5307522446831359E+002, -1.4744897959183672E+002
2.5741577333994110E+002, -1.4809948979591837E+002
2.6183076792053396E+002, -1.4853316326530611E+002
2.6632148504482910E+002, -1.4809948979591837E+002
2.7088922344684073E+002, -1.4853316326530611E+002
2.7553530413545155E+002, -1.4896683673469389E+002
2.8026107077646287E+002, -1.4896683673469389E+002
2.8506789008117988E+002, -1.4896683673469389E+002
2.8995715220167705E+002, -1.4918367346938774E+002
2.9493027113283000E+002, -1.4918367346938774E+002
2.9998868512125591E+002, -1.4289540816326530E+002
3.0513385708125139E+002, -1.3964285714285714E+002
3.1036727501788289E+002, -1.4137755102040816E+002
3.1569045245731576E+002, -1.4376275510204081E+002
3.2110492888453541E+002, -1.4658163265306123E+002
3.2661227018857704E+002, -1.4853316326530611E+002
3.3221406911537815E+002, -1.4918367346938774E+002
3.3791194572841755E+002, -1.4940051020408163E+002
3.4370754787723462E+002, -1.4940051020408163E+002
3.4960255167400237E+002, -1.4961734693877551E+002
3.5559866197825892E+002, -1.4961734693877551E+002
3.6169761288996864E+002, -1.4961734693877551E+002
3.6790116825102012E+002, -1.4961734693877551E+002
3.7421112215534839E+002, -1.4961734693877551E+002
3.8062929946778308E+002, -1.4961734693877551E+002
3.8715755635181523E+002, -1.4961734693877551E+002
3.9379778080640352E+002, -1.4961734693877551E+002
4.0055189321199242E+002, -1.4918367346938774E+002
4.0742184688589487E+002, -1.4918367346938774E+002
4.1440962864719631E+002, -1.4940051020408163E+002
4.2151725939135707E+002, -1.4961734693877551E+002
4.2874679467465586E+002, -1.4961734693877551E+002
4.3610032530867574E+002, -1.4961734693877551E+002
4.4357997796496221E+002, -1.4983418367346940E+002
4.5118791579007978E+002, -1.4961734693877551E+002
4.5892633903118917E+002, -1.4961734693877551E+002
4.6679748567237834E+002, -1.4983418367346940E+002
4.7480363208189175E+002, -1.4983418367346940E+002
4.8294709367046664E+002, -1.4875000000000000E+002
4.9123022556095941E+002, -1.4853316326530611E+002
4.9965542326945797E+002, -1.4961734693877551E+002
5.0822512339807173E+002, -1.4961734693877551E+002
5.1694180433960798E+002, -1.4983418367346940E+002
5.2580798699434104E+002, -1.5005102040816328E+002
5.3482623549905179E+002, -1.4983418367346940E+002
5.4399915796860444E+002, -1.5005102040816328E+002
5.5332940725020717E+002, -1.4983418367346940E+002
5.6281968169063896E+002, -1.5005102040816328E+002
5.7247272591661738E+002, -1.5005102040816328E+002
5.8229133162855658E+002, -1.4983418367346940E+002
5.9227833840793903E+002, -1.4983418367346940E+002
6.0243663453853549E+002, -1.4918367346938774E+002
6.1276915784170205E+002, -1.4961734693877551E+002
6.2327889652602460E+002, -1.5005102040816328E+002
6.3396889005150160E+002, -1.5005102040816328E+002
6.4484223000858958E+002, -1.5026785714285714E+002
6.5590206101228512E+002, -1.5026785714285714E+002
6.6715158161157024E+002, -1.5026785714285714E+002
6.7859404521444719E+002, -1.5026785714285714E+002
6.9023276102883335E+002, -1.5026785714285714E+002
7.0207109501959951E+002, -1.5026785714285714E+002
7.1411247088202083E+002, -1.5026785714285714E+002
7.2636037103192473E+002, -1.4961734693877551E+002
7.3881833761281348E+002, -1.4961734693877551E+002
7.5148997352028209E+002, -1.5005102040816328E+002
7.6437894344396909E+002, -1.5005102040816328E+002
7.7748897492742367E+002, -1.5026785714285714E+002
7.9082385944610382E+002, -1.5026785714285714E+002
8.0438745350390570E+002, -1.5005102040816328E+002
8.1818367974846410E+002, -1.5005102040816328E+002
8.3221652810561841E+002, -1.4983418367346940E+002
8.4649005693329252E+002, -1.4983418367346940E+002
8.6100839419520707E+002, -1.4983418367346940E+002
8.7577573865469662E+002, -1.4961734693877551E+002
8.9079636108900308E+002, -1.4961734693877551E+002
9.0607460552442126E+002, -1.4961734693877551E+002
9.2161489049258205E+002, -1.4961734693877551E+002
9.3742171030834004E+002, -1.4875000000000000E+002
9.5349963636951964E+002, -1.4853316326530611E+002
9.6985331847900488E+002, -1.4875000000000000E+002
9.8648748618946274E+002, -1.4853316326530611E+002
1.0034069501711728E+003, -1.4744897959183672E+002
1.0206166036032630E+003, -1.4679846938775509E+002
1.0381214235888701E+003, -1.4766581632653060E+002
1.0559264725945095E+003, -1.4831632653061226E+002
1.0740368999141740E+003, -1.4788265306122449E+002
1.0924579431585432E+003, -1.4658163265306123E+002
1.1111949297696938E+003, -1.4636479591836735E+002
1.1302532785618512E+003, -1.4636479591836735E+002
1.1496385012884998E+003, -1.4875000000000000E+002
1.1693562042364338E+003, -1.4961734693877551E+002
1.1894120898470931E+003, -1.4875000000000000E+002
1.2098119583657631E+003, -1.4831632653061226E+002
1.2305617095189930E+003, -1.4853316326530611E+002
1.2516673442208603E+003, -1.4983418367346940E+002
1.2731349663084229E+003, -1.5026785714285714E+002
1.2949707843070014E+003, -1.4961734693877551E+002
1.3171811132256983E+003, -1.4940051020408163E+002
1.3397723763837269E+003, -1.4983418367346940E+002
1.3627511072680647E+003, -1.5048469387755102E+002
1.3861239514229540E+003, -1.5048469387755102E+002
1.4098976683718397E+003, -1.5048469387755102E+002
1.4340791335722276E+003, -1.5048469387755102E+002
1.4586753404041276E+003, -1.5048469387755102E+002
1.4836934021925265E+003, -1.5048469387755102E+002
1.5091405542646371E+003, -1.5070153061224491E+002
1.5350241560423401E+003, -1.5070153061224491E+002
1.5613516931705931E+003, -1.5070153061224491E+002
1.5881307796822948E+003, -1.5070153061224491E+002
1.6153691602002973E+003, -1.5070153061224491E+002
1.6430747121771844E+003, -1.5048469387755102E+002
1.6712554481734658E+003, -1.5048469387755102E+002
1.6999195181748262E+003, -1.5026785714285714E+002
1.7290752119491726E+003, -1.5026785714285714E+002
1.7587309614440253E+003, -1.5048469387755102E+002
1.7888953432250914E+003, -1.5048469387755102E+002
1.8195770809566666E+003, -1.5026785714285714E+002
1.8507850479245060E+003, -1.5048469387755102E+002
1.8825282696020572E+003, -1.5026785714285714E+002
1.9148159262606453E+003, -1.4983418367346940E+002
1.9476573556244493E+003, -1.5005102040816328E+002
1.9810620555710104E+003, -1.5005102040816328E+002
2.0150396868780626E+003, -1.4788265306122449E+002
2.0496000760174475E+003, -1.4875000000000000E+002
2.0847532179970176E+003, -1.4961734693877551E+002
2.1205092792511709E+003, -1.5005102040816328E+002
2.1568786005810935E+003, -1.5026785714285714E+002
2.1938717001453024E+003, -1.5048469387755102E+002
2.2314992765015704E+003, -1.5048469387755102E+002
2.2697722117009980E+003, -1.5070153061224491E+002
2.3087015744351352E+003, -1.5070153061224491E+002
2.3482986232370963E+003, -1.5070153061224491E+002
2.3885748097375740E+003, -1.5070153061224491E+002
2.4295417819767063E+003, -1.5070153061224491E+002
2.4712113877727088E+003, -1.5070153061224491E+002
2.5135956781483719E+003, -1.5070153061224491E+002
2.5567069108161882E+003, -1.5070153061224491E+002
2.6005575537234167E+003, -1.5070153061224491E+002
2.6451602886577871E+003, -1.5070153061224491E+002
2.6905280149151881E+003, -1.5070153061224491E+002
2.7366738530301432E+003, -1.5070153061224491E+002
2.7836111485703914E+003, -1.5070153061224491E+002
2.8313534759964000E+003, -1.5070153061224491E+002
2.8799146425872191E+003, -1.5070153061224491E+002
2.9293086924335803E+003, -1.5070153061224491E+002
2.9795499104994819E+003, -1.5070153061224491E+002
3.0306528267535268E+003, -1.5048469387755102E+002
3.0826322203709574E+003, -1.5070153061224491E+002
3.1355031240079534E+003, -1.5070153061224491E+002
3.1892808281490443E+003, -1.5070153061224491E+002
3.2439808855292576E+003, -1.5070153061224491E+002
3.2996191156319692E+003, -1.5070153061224491E+002
3.3562116092640422E+003, -1.5070153061224491E+002
3.4137747332092558E+003, -1.5070153061224491E+002
3.4723251349617549E+003, -1.5070153061224491E+002
3.5318797475404708E+003, -1.5070153061224491E+002
3.5924557943862978E+003, -1.5048469387755102E+002
3.6540707943431553E+003, -1.5048469387755102E+002
3.7167425667244815E+003, -1.5048469387755102E+002
3.7804892364667330E+003, -1.5048469387755102E+002
3.8453292393710872E+003, -1.5048469387755102E+002
3.9112813274352434E+003, -1.5048469387755102E+002
3.9783645742765011E+003, -1.5048469387755102E+002
4.0465983806480244E+003, -1.4983418367346940E+002
4.1160024800494984E+003, -1.5026785714285714E+002
4.1865969444342718E+003, -1.5048469387755102E+002
4.2584021900141233E+003, -1.5048469387755102E+002
4.3314389831638055E+003, -1.5048469387755102E+002
4.4057284464267295E+003, -1.5048469387755102E+002
4.4812920646236935E+003, -1.5026785714285714E+002
4.5581516910663877E+003, -1.5026785714285714E+002
4.6363295538774692E+003, -1.5026785714285714E+002
4.7158482624190001E+003, -1.5026785714285714E+002
4.7967308138311773E+003, -1.5026785714285714E+002
4.8790005996832688E+003, -1.5026785714285714E+002
4.9626814127384168E+003, -1.5026785714285714E+002
5.0477974538347589E+003, -1.5048469387755102E+002
5.1343733388842638E+003, -1.5048469387755102E+002
5.2224341059918661E+003, -1.5048469387755102E+002
5.3120052226965363E+003, -1.5048469387755102E+002
5.4031125933366102E+003, -1.5048469387755102E+002
5.4957825665414348E+003, -1.5048469387755102E+002
5.5900419428515052E+003, -1.5070153061224491E+002
5.6859179824692401E+003, -1.5070153061224491E+002
5.7834384131428733E+003, -1.5070153061224491E+002
5.8826314381852771E+003, -1.5070153061224491E+002
5.9835257446305504E+003, -1.5070153061224491E+002
6.0861505115304999E+003, -1.5070153061224491E+002
6.1905354183931877E+003, -1.5091836734693877E+002
6.2967106537664977E+003, -1.5091836734693877E+002
6.4047069239687316E+003, -1.5091836734693877E+002
6.5145554619690120E+003, -1.5091836734693877E+002
6.6262880364199918E+003, -1.5091836734693877E+002
6.7399369608454881E+003, -1.5091836734693877E+002
6.8555351029856229E+003, -1.5091836734693877E+002
6.9731158943024593E+003, -1.5091836734693877E+002
7.0927133396483123E+003, -1.5091836734693877E+002
7.2143620271003147E+003, -1.5091836734693877E+002
7.3380971379632238E+003, -1.5091836734693877E+002
7.4639544569441696E+003, -1.5091836734693877E+002
7.5919703825016086E+003, -1.5091836734693877E+002
7.7221819373720164E+003, -1.5091836734693877E+002
7.8546267792769531E+003, -1.5091836734693877E+002
7.9893432118138498E+003, -1.5091836734693877E+002
8.1263701955335837E+003, -1.5091836734693877E+002
8.2657473592079459E+003, -1.5091836734693877E+002
8.4075150112906340E+003, -1.5091836734693877E+002
8.5517141515743697E+003, -1.5091836734693877E+002
8.6983864830484799E+003, -1.5091836734693877E+002
8.8475744239593168E+003, -1.5091836734693877E+002
8.9993211200780042E+003, -1.5091836734693877E+002
9.1536704571781829E+003, -1.5091836734693877E+002
9.3106670737281911E+003, -1.5091836734693877E+002
9.4703563738004123E+003, -1.5091836734693877E+002
9.6327845402026160E+003, -1.5070153061224491E+002
9.7979985478339604E+003, -1.5070153061224491E+002
9.9660461772704330E+003, -1.5070153061224491E+002
1.0136976028583338E+004, -1.5070153061224491E+002
1.0310837535394252E+004, -1.5070153061224491E+002
1.0487680979171990E+004, -1.5070153061224491E+002
1.0667557503773562E+004, -1.5070153061224491E+002
1.0850519130235873E+004, -1.5070153061224491E+002
1.1036618771819725E+004, -1.5070153061224491E+002
1.1225910249313265E+004, -1.5048469387755102E+002
1.1418448306596501E+004, -1.5048469387755102E+002
1.1614288626473959E+004, -1.5048469387755102E+002
1.1813487846778155E+004, -1.5048469387755102E+002
1.2016103576749532E+004, -1.5048469387755102E+002
1.2222194413697351E+004, -1.5048469387755102E+002
1.2431819959946013E+004, -1.5026785714285714E+002
1.2645040840072857E+004, -1.5026785714285714E+002
1.2861918718440285E+004, -1.5026785714285714E+002
1.3082516317030160E+004, -1.5026785714285714E+002
1.3306897433582442E+004, -1.5005102040816328E+002
1.3535126960046597E+004, -1.5005102040816328E+002
1.3767270901347816E+004, -1.5005102040816328E+002
1.4003396394476507E+004, -1.4983418367346940E+002
1.4243571727904326E+004, -1.4983418367346940E+002
1.4487866361333530E+004, -1.4983418367346940E+002
1.4736350945785018E+004, -1.4961734693877551E+002
1.4989097344030897E+004, -1.4961734693877551E+002
1.5246178651377495E+004, -1.4940051020408163E+002
1.5507669216804823E+004, -1.4918367346938774E+002
1.5773644664468680E+004, -1.4918367346938774E+002
1.6044181915571140E+004, -1.4896683673469389E+002
1.6319359210607203E+004, -1.4896683673469389E+002
1.6599256131991358E+004, -1.4875000000000000E+002
1.6883953627073857E+004, -1.4875000000000000E+002
1.7173534031550716E+004, -1.4853316326530611E+002
1.7468081093275585E+004, -1.4853316326530611E+002
1.7767679996479987E+004, -1.4853316326530611E+002
1.8072417386408946E+004, -1.4853316326530611E+002
1.8382381394379154E+004, -1.4853316326530611E+002
1.8697661663266907E+004, -1.4853316326530611E+002
1.9018349373433204E+004, -1.4875000000000000E+002
1.9344537269093486E+004, -1.4896683673469389E+002
1.9676319685139639E+004, -1.4918367346938774E+002
2.0013792574422121E+004, -1.4918367346938774E+002
2.0357053535499610E+004, -1.4940051020408163E+002
2.0706201840865378E+004, -1.4961734693877551E+002
2.1061338465656998E+004, -1.4983418367346940E+002
2.1422566116858856E+004, -1.5005102040816328E+002
2.1789989263005424E+004, -1.5005102040816328E+002
2.2163714164394005E+004, -1.5026785714285714E+002
2.2543848903815640E+004, -1.5048469387755102E+002
2.2930503417813114E+004, -1.5048469387755102E+002
2.3323789528475045E+004, -1.5070153061224491E+002
2.3723820975775310E+004, -1.5070153061224491E+002
2.4130713450467207E+004, -1.5070153061224491E+002
2.4544584627541200E+004, -1.5091836734693877E+002
2.4965554200258121E+004, -1.5091836734693877E+002
2.5393743914763552E+004, -1.5091836734693877E+002
2.5829277605298415E+004, -1.5113520408163265E+002
2.6272281230011857E+004, -1.5113520408163265E+002
2.6722882907388954E+004, -1.5113520408163265E+002
2.7181212953303122E+004, -1.5113520408163265E+002
2.7647403918703996E+004, -1.5113520408163265E+002
2.8121590627951726E+004, -1.5113520408163265E+002
2.8603910217808727E+004, -1.5135204081632654E+002
2.9094502177100334E+004, -1.5135204081632654E+002
2.9593508387054942E+004, -1.5135204081632654E+002
3.0101073162337969E+004, -1.5135204081632654E+002
3.0617343292786558E+004, -1.5135204081632654E+002
3.1142468085863151E+004, -1.5135204081632654E+002
3.1676599409835217E+004, -1.5135204081632654E+002
3.2219891737696296E+004, -1.5135204081632654E+002
3.2772502191840249E+004, -1.5135204081632654E+002
3.3334590589501677E+004, -1.5135204081632654E+002
3.3906319488975758E+004, -1.5135204081632654E+002
3.4487854236630767E+004, -1.5135204081632654E+002
3.5079363014727060E+004, -1.5135204081632654E+002
3.5681016890055384E+004, -1.5135204081632654E+002
3.6292989863411691E+004, -1.5135204081632654E+002
3.6915458919916833E+004, -1.5135204081632654E+002
3.7548604080203033E+004, -1.5135204081632654E+002
3.8192608452475826E+004, -1.5135204081632654E+002
3.8847658285469886E+004, -1.5135204081632654E+002
3.9513943022312938E+004, -1.5135204081632654E+002
4.0191655355313465E+004, -1.5135204081632654E+002
4.0880991281688148E+004, -1.5135204081632654E+002
4.1582150160245066E+004, -1.5135204081632654E+002
4.2295334769039277E+004, -1.5156887755102042E+002
4.3020751364016163E+004, -1.5135204081632654E+002
4.3758609738663465E+004, -1.5135204081632654E+002
4.4509123284681969E+004, -1.5135204081632654E+002
4.5272509053701186E+004, -1.5135204081632654E+002
4.6048987820050716E+004, -1.5156887755102042E+002
4.6838784144609286E+004, -1.5156887755102042E+002
4.7642126439748659E+004, -1.5156887755102042E+002
4.8459247035391461E+004, -1.5156887755102042E+002
4.9290382246201960E+004, -1.5135204081632654E+002
5.0135772439929220E+004, -1.5135204081632654E+002
5.0995662106922500E+004, -1.5135204081632654E+002
5.1870299930838810E+004, -1.5135204081632654E+002
5.2759938860563321E+004, -1.5135204081632654E+002
5.3664836183363412E+004, -1.5135204081632654E+002
5.4585253599296339E+004, -1.5135204081632654E+002
5.5521457296895314E+004, -1.5135204081632654E+002
5.6473718030151431E+004, -1.5135204081632654E+002
5.7442311196817071E+004, -1.5135204081632654E+002
5.8427516918052090E+004, -1.5135204081632654E+002
5.9429620119435989E+004, -1.5135204081632654E+002
6.0448910613369604E+004, -1.5135204081632654E+002
6.1485683182890025E+004, -1.5135204081632654E+002
6.2540237666923102E+004, -1.5135204081632654E+002
6.3612879046998081E+004, -1.5135204081632654E+002
6.4703917535449807E+004, -1.5135204081632654E+002
6.5813668665132078E+004, -1.5135204081632654E+002
6.6942453380673993E+004, -1.5135204081632654E+002
6.8090598131294741E+004, -1.5135204081632654E+002
6.9258434965216962E+004, -1.5135204081632654E+002
7.0446301625695196E+004, -1.5135204081632654E+002
7.1654541648692888E+004, -1.5135204081632654E+002
7.2883504462234356E+004, -1.5135204081632654E+002
7.4133545487460899E+004, -1.5135204081632654E+002
7.5405026241420012E+004, -1.5135204081632654E+002
7.6698314441617636E+004, -1.5135204081632654E+002
7.8013784112363923E+004, -1.5135204081632654E+002
7.9351815692940960E+004, -1.5113520408163265E+002
8.0712796147631001E+004, -1.5135204081632654E+002
8.2097119077623225E+004, -1.5135204081632654E+002
8.3505184834850064E+004, -1.5135204081632654E+002
8.4937400637765400E+004, -1.5135204081632654E+002
8.6394180689119152E+004, -1.5135204081632654E+002
8.7875946295741349E+004, -1.5135204081632654E+002
8.9383125990389541E+004, -1.5135204081632654E+002
9.0916155655680617E+004, -1.5156887755102042E+002
9.2475478650150122E+004, -1.5156887755102042E+002
9.4061545936473805E+004, -1.5156887755102042E+002
9.5674816211885991E+004, -1.5156887755102042E+002
9.7315756040840948E+004, -1.5156887755102042E+002
9.8984839989939370E+004, -1.5178571428571431E+002
1.0068255076518144E+005, -1.5200255102040816E+002
1.0240937935156088E+005, -1.5221938775510205E+002
1.0416582515506644E+005, -1.5221938775510205E+002
1.0595239614710592E+005, -1.5178571428571431E+002
1.0776960901141824E+005, -1.5156887755102042E+002
1.0961798929349841E+005, -1.5156887755102042E+002
1.1149807155258791E+005, -1.5178571428571431E+002
1.1341039951627183E+005, -1.5178571428571431E+002
1.1535552623772492E+005, -1.5178571428571431E+002
1.1733401425566191E+005, -1.5178571428571431E+002
1.1934643575701902E+005, -1.5178571428571431E+002
1.2139337274244042E+005, -1.5178571428571431E+002
1.2347541719458748E+005, -1.5178571428571431E+002
1.2559317124935049E+005, -1.5200255102040816E+002
1.2774724736998134E+005, -1.5200255102040816E+002
1.2993826852422599E+005, -1.5200255102040816E+002
1.3216686836448681E+005, -1.5200255102040816E+002
1.3443369141107801E+005, -1.5200255102040816E+002
1.3673939323862348E+005, -1.5200255102040816E+002
1.3908464066565182E+005, -1.5178571428571431E+002
1.4147011194744354E+005, -1.5178571428571431E+002
1.4389649697218239E+005, -1.5135204081632654E+002
1.4636449746048031E+005, -1.5135204081632654E+002
1.4887482716830913E+005, -1.5178571428571431E+002
1.5142821209343127E+005, -1.5200255102040816E+002
1.5402539068535229E+005, -1.5200255102040816E+002
1.5666711405889015E+005, -1.5200255102040816E+002
1.5935414621139781E+005, -1.5200255102040816E+002
1.6208726424371489E+005, -1.5200255102040816E+002
1.6486725858490862E+005, -1.5200255102040816E+002
1.6769493322086902E+005, -1.5221938775510205E+002
1.7057110592682517E+005, -1.5221938775510205E+002
1.7349660850384898E+005, -1.5221938775510205E+002
1.7647228701941567E+005, -1.5221938775510205E+002
1.7949900205208987E+005, -1.5221938775510205E+002
1.8257762894040940E+005, -1.5221938775510205E+002
1.8570905803603362E+005, -1.5221938775510205E+002
1.8889419496124153E+005, -1.5221938775510205E+002
1.9213396087083835E+005, -1.5221938775510205E+002
1.9542929271855799E+005, -1.5221938775510205E+002
1.9878114352803421E+005, -1.5221938775510205E+002
2.0219048266841876E+005, -1.5221938775510205E+002
2.0565829613472708E+005, -1.5178571428571431E+002
2.0918558683299212E+005, -1.5200255102040816E+002
2.1277337487030891E+005, -1.5221938775510205E+002
2.1642269784985375E+005, -1.5243622448979590E+002
2.2013461117096344E+005, -1.5243622448979590E+002
2.2391018833436194E+005, -1.5243622448979590E+002
2.2775052125261669E+005, -1.5243622448979590E+002
2.3165672056593440E+005, -1.5243622448979590E+002
2.3562991596334986E+005, -1.5243622448979590E+002
2.3967125650944686E+005, -1.5243622448979590E+002
2.4378191097666780E+005, -1.5265306122448979E+002
2.4796306818332852E+005, -1.5265306122448979E+002
2.5221593733742935E+005, -1.5265306122448979E+002
2.5654174838636318E+005, -1.5265306122448979E+002
2.6094175237262138E+005, -1.5221938775510205E+002
2.6541722179560037E+005, -1.5265306122448979E+002
2.6996945097961486E+005, -1.5265306122448979E+002
2.7459975644821627E+005, -1.5221938775510205E+002
2.7930947730494919E+005, -1.5221938775510205E+002
2.8409997562060965E+005, -1.5243622448979590E+002
2.8897263682717446E+005, -1.5265306122448979E+002
2.9392887011846789E+005, -1.5286989795918367E+002
2.9897010885770759E+005, -1.5286989795918367E+002
3.0409781099203939E+005, -1.5286989795918367E+002
3.0931345947418129E+005, -1.5286989795918367E+002
3.1461856269129983E+005, -1.5286989795918367E+002
3.2001465490124183E+005, -1.5286989795918367E+002
3.2550329667624924E+005, -1.5308673469387756E+002
3.3108607535427698E+005, -1.5308673469387756E+002
3.3676460549807164E+005, -1.5308673469387756E+002
3.4254052936209156E+005, -1.5308673469387756E+002
3.4841551736746804E+005, -1.5308673469387756E+002
3.5439126858509157E+005, -1.5330357142857144E+002
3.6046951122699125E+005, -1.5330357142857144E+002
3.6665200314614130E+005, -1.5330357142857144E+002
3.7294053234483890E+005, -1.5330357142857144E+002
3.7933691749180225E+005, -1.5330357142857144E+002
3.8584300844813703E+005, -1.5286989795918367E+002
3.9246068680232536E+005, -1.5330357142857144E+002
3.9919186641438119E+005, -1.5330357142857144E+002
4.0603849396936403E+005, -1.5352040816326530E+002
4.1300254954034591E+005, -1.5330357142857144E+002
4.2008604716107436E+005, -1.5352040816326530E+002
4.2729103540843143E+005, -1.5352040816326530E+002
4.3461959799489204E+005, -1.5352040816326530E+002
4.4207385437114234E+005, -1.5352040816326530E+002
4.4965596033903380E+005, -1.5373724489795919E+002
4.5736810867504973E+005, -1.5373724489795919E+002
4.6521252976446558E+005, -1.5373724489795919E+002
4.7319149224638537E+005, -1.5373724489795919E+002
4.8130730366984196E+005, -1.5373724489795919E+002
4.8956231116115121E+005, -1.5395408163265307E+002
4.9795890210270317E+005, -1.5395408163265307E+002
5.0649950482341467E+005, -1.5395408163265307E+002
5.1518658930100407E+005, -1.5395408163265307E+002
5.2402266787632136E+005, -1.5395408163265307E+002
5.3301029597992729E+005, -1.5417091836734693E+002
5.4215207287113450E+005, -1.5417091836734693E+002
5.5145064238972415E+005, -1.5417091836734693E+002
5.6090869372055540E+005, -1.5417091836734693E+002
5.7052896217128879E+005, -1.5417091836734693E+002
5.8031422996344860E+005, -1.5417091836734693E+002
5.9026732703705248E+005, -1.5417091836734693E+002
6.0039113186904485E+005, -1.5438775510204081E+002
6.1068857230575173E+005, -1.5438775510204081E+002
6.2116262640965334E+005, -1.5438775510204081E+002
6.3181632332061732E+005, -1.5438775510204081E+002
6.4265274413196580E+005, -1.5438775510204081E+002
6.5367502278152818E+005, -1.5438775510204081E+002
6.6488634695799125E+005, -1.5460459183673470E+002
6.7628995902279206E+005, -1.5460459183673470E+002
6.8788915694782208E+005, -1.5460459183673470E+002
6.9968729526921466E+005, -1.5460459183673470E+002
7.1168778605749062E+005, -1.5460459183673470E+002
7.2389409990434616E+005, -1.5460459183673470E+002
7.3630976692634751E+005, -1.5482142857142856E+002
7.4893837778588815E+005, -1.5460459183673470E+002
7.6178358472957800E+005, -1.5482142857142856E+002
7.7484910264453734E+005, -1.5482142857142856E+002
7.8813871013271098E+005, -1.5482142857142856E+002
8.0165625060368970E+005, -1.5482142857142856E+002
8.1540563338622532E+005, -1.5417091836734693E+002
8.2939083485882706E+005, -1.5460459183673470E+002
8.4361589959974715E+005, -1.5482142857142856E+002
8.5808494155668968E+005, -1.5482142857142856E+002
8.7280214523658471E+005, -1.5482142857142856E+002
8.8777176691574720E+005, -1.5482142857142856E+002
9.0299813587084925E+005, -1.5482142857142856E+002
9.1848565563091065E+005, -1.5482142857142856E+002
9.3423880525087623E+005, -1.5460459183673470E+002
9.5026214060691791E+005, -1.5438775510204081E+002
9.6656029571407300E+005, -1.5417091836734693E+002
9.8313798406636342E+005, -1.5373724489795919E+002
1.0000000000000000E+006, -1.5352040816326530E+002
